{"accuracy": [0.5545288324356079, 0.8914566040039062, 0.9077102541923523, 0.9069793820381165, 0.9172821044921875, 0.9160049557685852, 0.9234619140625, 0.923602283000946, 0.9235213994979858, 0.9242004156112671, 0.928118884563446, 0.935046374797821, 0.9380859136581421, 0.9412201046943665, 0.941180408000946, 0.9404891729354858, 0.944366455078125, 0.9449234008789062, 0.9508224725723267, 0.9490417242050171, 0.950152575969696, 0.9410675168037415, 0.9341720342636108, 0.950030505657196, 0.9391891360282898, 0.9477691650390625, 0.949371337890625, 0.939190685749054, 0.9501236081123352, 0.9559615850448608, 0.9569427371025085, 0.9548431634902954, 0.9532257318496704, 0.9557708501815796, 0.9546753168106079, 0.9599868655204773, 0.9631561040878296, 0.9598953127861023, 0.9607299566268921, 0.9603073000907898, 0.9634597897529602, 0.9649413824081421, 0.9551407098770142, 0.9683898687362671, 0.9669479131698608, 0.9677169919013977, 0.9642364382743835, 0.9657806158065796, 0.9649917483329773, 0.9696578979492188], "loss": [0.7084817886352539, 0.4922904968261719, 0.4571235775947571, 0.4767014980316162, 0.4292040169239044, 0.42757242918014526, 0.40930861234664917, 0.41900891065597534, 0.3876833915710449, 0.3899348974227905, 0.3607327342033386, 0.36059021949768066, 0.3529045581817627, 0.3383050262928009, 0.3477649390697479, 0.3256034553050995, 0.3155675530433655, 0.32557088136672974, 0.31414178013801575, 0.30686140060424805, 0.3247719705104828, 0.2965986728668213, 0.31450334191322327, 0.2899973392486572, 0.29533523321151733, 0.2841663956642151, 0.2730434536933899, 0.3078577518463135, 0.25659704208374023, 0.2538737654685974, 0.2555089294910431, 0.2523864209651947, 0.25804126262664795, 0.23876062035560608, 0.23955723643302917, 0.2299359142780304, 0.22600087523460388, 0.22512054443359375, 0.22066570818424225, 0.21957005560398102, 0.21146546304225922, 0.21628305315971375, 0.24454709887504578, 0.19456025958061218, 0.20067182183265686, 0.1869904100894928, 0.20391128957271576, 0.18940532207489014, 0.18787990510463715, 0.1806362420320511]}